Cell_ID,Session_ID,Local_Index,Depth,Average_Firing_Rate,BTM,BSM,Ordering,Session_Cell_ID,NP_ID,good_cell
3,1,0,3900.0,1.33037694,2.320468979,0.09765625,45,1_3,NP04_0,False
7,1,1,3940.0,4.21895787,2.173913043,0.104166667,290,1_7,NP04_1,False
8,1,2,3940.0,5.62084257,0.610649731,0.364583333,443,1_8,NP04_2,False
22,1,3,3980.0,9.17128603,2.418172936,0.01953125,639,1_22,NP04_3,False
23,1,4,3980.0,4.61308204,2.173913043,0.091145833,187,1_23,NP04_4,False
35,1,5,4020.0,9.11640798,2.027357108,0.17578125,361,1_35,NP04_5,False
38,1,6,4020.0,3.03658537,0.219833903,0.305989583,380,1_38,NP04_6,True
44,1,7,4060.0,8.29323725,0.464093796,0.15625,653,1_44,NP04_7,False
63,1,8,4220.0,4.87583149,0.366389839,0.345052083,498,1_63,NP04_8,False
64,1,9,4220.0,3.49556541,0.512945774,0.1171875,303,1_64,NP04_9,False
77,1,10,4300.0,2.5210643,-1.0,-1.0,546,1_77,NP04_10,False
90,1,11,4340.0,7.54822616,0.757205667,0.149739583,4,1_90,NP04_11,True
104,1,12,4420.0,9.58536585,3.834880313,0.05859375,16,1_104,NP04_12,False
106,1,13,4420.0,0.99113082,-1.0,-1.0,641,1_106,NP04_13,True
110,1,14,620.0,1.01108647,-1.0,-1.0,327,1_110,NP04_14,False
117,1,15,4460.0,10.19567627,-1.0,-1.0,269,1_117,NP04_15,False
128,1,16,660.0,1.08425721,-1.0,-1.0,544,1_128,NP04_16,False
139,1,17,4540.0,4.42682927,-1.0,-1.0,438,1_139,NP04_17,False
140,1,18,4540.0,19.96230599,-1.0,-1.0,545,1_140,NP04_18,False
144,1,19,4540.0,3.73669623,-1.0,-1.0,340,1_144,NP04_19,False
154,1,20,700.0,0.75,-1.0,-1.0,596,1_154,NP04_20,False
173,1,21,4680.0,0.99944568,-1.0,-1.0,153,1_173,NP04_21,True
177,1,22,4720.0,4.94733925,-1.0,-1.0,587,1_177,NP04_22,False
188,1,23,4740.0,4.68292683,-1.0,-1.0,88,1_188,NP04_23,True
200,1,24,4780.0,5.3248337,-1.0,-1.0,174,1_200,NP04_24,False
205,1,25,4780.0,3.75665188,-1.0,-1.0,230,1_205,NP04_25,False
211,1,26,4780.0,18.33093126,-1.0,-1.0,166,1_211,NP04_26,False
224,1,27,1020.0,4.78603104,-1.0,-1.0,89,1_224,NP04_27,True
226,1,28,4860.0,6.0,-1.0,-1.0,296,1_226,NP04_28,False
229,1,29,1060.0,8.05543237,-1.0,-1.0,121,1_229,NP04_29,False
232,1,30,1100.0,5.69235033,-1.0,-1.0,160,1_232,NP04_30,False
237,1,31,1100.0,7.07760532,-1.0,-1.0,393,1_237,NP04_31,False
253,1,32,5000.0,8.10864745,-1.0,-1.0,161,1_253,NP04_32,False
258,1,33,5020.0,3.80654102,-1.0,-1.0,7,1_258,NP04_33,False
261,1,34,5020.0,7.00277162,-1.0,-1.0,242,1_261,NP04_34,False
275,1,35,5100.0,4.34368071,-1.0,-1.0,463,1_275,NP04_35,False
297,1,36,1420.0,0.50720621,-1.0,-1.0,504,1_297,NP04_36,False
301,1,37,1460.0,0.6868071,-1.0,-1.0,431,1_301,NP04_37,True
305,1,38,5300.0,4.49168514,-1.0,-1.0,415,1_305,NP04_38,False
340,1,39,1660.0,3.82150776,-1.0,-1.0,678,1_340,NP04_39,False
345,1,40,5500.0,9.84312639,-1.0,-1.0,198,1_345,NP04_40,False
353,1,41,5540.0,3.65354767,-1.0,-1.0,413,1_353,NP04_41,False
359,1,42,1740.0,2.78381375,-1.0,-1.0,61,1_359,NP04_42,False
360,1,43,1740.0,10.06762749,-1.0,-1.0,232,1_360,NP04_43,False
368,1,44,1780.0,3.81818182,-1.0,-1.0,36,1_368,NP04_44,False
376,1,45,1820.0,1.86252772,-1.0,-1.0,508,1_376,NP04_45,False
384,1,46,1840.0,1.2405765,-1.0,-1.0,177,1_384,NP04_46,False
389,1,47,1860.0,1.38026608,-1.0,-1.0,305,1_389,NP04_47,False
421,1,48,1980.0,1.33203991,-1.0,-1.0,284,1_421,NP04_48,False
430,1,49,1980.0,2.19512195,-1.0,-1.0,589,1_430,NP04_49,False
439,1,50,2020.0,8.17017738,-1.0,-1.0,192,1_439,NP04_50,False
451,1,51,2060.0,10.06762749,-1.0,-1.0,185,1_451,NP04_51,True
458,1,52,2100.0,2.27660754,-1.0,-1.0,277,1_458,NP04_52,True
466,1,53,2100.0,1.36862528,-1.0,-1.0,126,1_466,NP04_53,False
507,1,54,2240.0,3.22949002,-1.0,-1.0,171,1_507,NP04_54,False
514,1,55,2260.0,1.27882483,-1.0,-1.0,221,1_514,NP04_55,False
518,1,56,2280.0,3.95454545,-1.0,-1.0,80,1_518,NP04_56,False
561,1,57,2420.0,2.46784922,-1.0,-1.0,659,1_561,NP04_57,True
607,1,58,2540.0,3.57871397,-1.0,-1.0,276,1_607,NP04_58,False
645,1,59,2660.0,5.42128603,-1.0,-1.0,664,1_645,NP04_59,False
648,1,60,2700.0,1.5116408,-1.0,-1.0,191,1_648,NP04_60,False
649,1,61,2700.0,4.79933481,-1.0,-1.0,137,1_649,NP04_61,False
702,1,62,2940.0,3.16297118,-1.0,-1.0,530,1_702,NP04_62,False
723,1,63,3020.0,3.47560976,-1.0,-1.0,323,1_723,NP04_63,False
728,1,64,3040.0,5.75720621,-1.0,-1.0,334,1_728,NP04_64,False
744,1,65,3100.0,1.91241685,-1.0,-1.0,465,1_744,NP04_65,False
769,1,66,3180.0,0.41574279,-1.0,-1.0,575,1_769,NP04_66,True
772,1,67,3180.0,0.81818182,-1.0,-1.0,294,1_772,NP04_67,False
846,1,68,3300.0,14.33148559,-1.0,-1.0,236,1_846,NP04_68,False
857,1,69,3300.0,4.88414634,-1.0,-1.0,302,1_857,NP04_69,True
924,1,70,3520.0,2.82871397,-1.0,-1.0,204,1_924,NP04_70,False
943,1,71,3540.0,10.39523282,-1.0,-1.0,98,1_943,NP04_71,False
965,1,72,3620.0,3.21452328,-1.0,-1.0,554,1_965,NP04_72,False
981,1,73,3660.0,2.01884701,-1.0,-1.0,370,1_981,NP04_73,False
984,1,74,3680.0,4.5631929,-1.0,-1.0,684,1_984,NP04_74,False
1011,1,75,3780.0,3.45232816,-1.0,-1.0,418,1_1011,NP04_75,False
1019,1,76,3800.0,2.26995565,-1.0,-1.0,451,1_1019,NP04_76,False
1027,1,77,3820.0,2.90521064,-1.0,-1.0,501,1_1027,NP04_77,False
1044,1,78,4420.0,2.24501109,-1.0,-1.0,646,1_1044,NP04_78,False
1046,1,79,680.0,1.38858093,-1.0,-1.0,369,1_1046,NP04_79,False
1047,1,80,4540.0,1.29545455,-1.0,-1.0,640,1_1047,NP04_80,False
1049,1,81,4740.0,3.74168514,-1.0,-1.0,477,1_1049,NP04_81,False
1052,1,82,4980.0,2.35144124,-1.0,-1.0,267,1_1052,NP04_82,True
1054,1,83,1220.0,2.18514412,-1.0,-1.0,537,1_1054,NP04_83,False
1057,1,84,1760.0,1.05764967,-1.0,-1.0,167,1_1057,NP04_84,False
1060,1,85,2060.0,1.21563193,-1.0,-1.0,157,1_1060,NP04_85,False
1075,1,86,3340.0,0.58536585,-1.0,-1.0,138,1_1075,NP04_86,False
1076,1,87,3420.0,3.07982262,-1.0,-1.0,381,1_1076,NP04_87,False
1078,1,88,3540.0,4.18569845,-1.0,-1.0,124,1_1078,NP04_88,False
1081,1,89,3760.0,1.74778271,-1.0,-1.0,642,1_1081,NP04_89,False
1083,1,90,2060.0,1.55321508,-1.0,-1.0,19,1_1083,NP04_90,False
1085,1,91,2620.0,1.68292683,-1.0,-1.0,228,1_1085,NP04_91,False
1090,1,92,4340.0,1.46674058,-1.0,-1.0,34,1_1090,NP04_92,False
510,1,93,2240.0,4.16740576,-1.0,-1.0,62,1_510,NP04_93,False
980,1,94,3660.0,0.83813747,-1.0,-1.0,614,1_980,NP04_94,False
1053,1,95,4980.0,3.04323725,-1.0,-1.0,599,1_1053,NP04_95,False
1058,1,96,1880.0,1.84090909,-1.0,-1.0,215,1_1058,NP04_96,False
94,1,97,540.0,0.65853659,-1.0,-1.0,38,1_94,NP04_97,False
122,1,98,4460.0,0.62361419,-1.0,-1.0,178,1_122,NP04_98,False
576,1,99,2460.0,0.58370288,-1.0,-1.0,660,1_576,NP04_99,False
612,1,100,2560.0,0.3059867,-1.0,-1.0,571,1_612,NP04_100,False
4,1,101,3900.0,3.33259424,0.854909624,0.3515625,496,1_4,NP04_101,False
133,1,102,700.0,5.64578714,-1.0,-1.0,516,1_133,NP04_102,False
163,1,103,4620.0,5.81208426,-1.0,-1.0,144,1_163,NP04_103,False
172,1,104,4740.0,2.16518847,-1.0,-1.0,280,1_172,NP04_104,False
247,1,105,4960.0,4.95399113,-1.0,-1.0,206,1_247,NP04_105,False
248,1,106,5000.0,5.51773836,-1.0,-1.0,86,1_248,NP04_106,False
327,1,107,5420.0,5.73558758,-1.0,-1.0,609,1_327,NP04_107,False
634,1,108,2620.0,3.28104213,-1.0,-1.0,517,1_634,NP04_108,False
639,1,109,2660.0,3.79490022,-1.0,-1.0,259,1_639,NP04_109,False
676,1,110,2860.0,2.64412417,-1.0,-1.0,387,1_676,NP04_110,False
847,1,111,3300.0,1.34201774,-1.0,-1.0,437,1_847,NP04_111,False
566,1,112,2400.0,3.65853659,-1.0,-1.0,398,1_566,NP04_112,False
871,1,113,3340.0,2.56097561,-1.0,-1.0,193,1_871,NP04_113,False
1051,1,114,940.0,1.10587583,-1.0,-1.0,133,1_1051,NP04_114,False
97,1,115,4380.0,4.095898,-1.0,-1.0,249,1_97,NP04_115,False
613,1,116,2560.0,5.7056541,-1.0,-1.0,146,1_613,NP04_116,False
262,2,0,6240.0,1.82926829,-1.0,-1.0,338,2_262,NP22_0,False
272,2,1,6000.0,2.20360825,-1.0,-1.0,91,2_272,NP22_1,True
151,2,2,5860.0,2.79010561,-1.0,-1.0,364,2_151,NP22_2,True
147,2,3,5700.0,0.63270053,-1.0,-1.0,321,2_147,NP22_3,False
208,2,4,5700.0,0.73830777,-1.0,-1.0,446,2_208,NP22_4,False
141,2,5,5580.0,1.36629369,-1.0,-1.0,93,2_141,NP22_5,False
219,2,6,4080.0,0.13672366,-1.0,-1.0,497,2_219,NP22_6,False
254,2,7,4080.0,0.32153633,-1.0,-1.0,2,2_254,NP22_7,False
15,2,8,4000.0,0.30644959,0.464093796,0.110677083,462,2_15,NP22_8,False
8,2,9,3960.0,0.29890621,0.610649731,0.364583333,443,2_8,NP22_9,False
2,2,10,3840.0,0.90897662,0.464093796,0.33203125,506,2_2,NP22_10,True
280,2,11,2880.0,0.81374151,-1.0,-1.0,78,2_280,NP22_11,False
165,2,12,2760.0,0.66853156,-1.0,-1.0,363,2_165,NP22_12,False
292,2,13,2680.0,1.97259241,-1.0,-1.0,244,2_292,NP22_13,False
161,2,14,2480.0,0.20178527,-1.0,-1.0,384,2_161,NP22_14,True
158,2,15,2400.0,1.43418406,-1.0,-1.0,47,2_158,NP22_15,False
157,2,16,2320.0,0.56009555,-1.0,-1.0,326,2_157,NP22_16,True
148,2,17,1980.0,0.44411617,-1.0,-1.0,175,2_148,NP22_17,True
139,2,18,1560.0,0.23761629,-1.0,-1.0,438,2_139,NP22_18,False
137,2,19,1520.0,0.33096555,-1.0,-1.0,212,2_137,NP22_19,False
222,2,20,1480.0,1.7472341,-1.0,-1.0,125,2_222,NP22_20,False
132,2,21,1440.0,0.37528288,-1.0,-1.0,162,2_132,NP22_21,False
205,2,22,1440.0,0.21404325,-1.0,-1.0,230,2_205,NP22_22,False
204,2,23,1400.0,0.30739251,-1.0,-1.0,488,2_204,NP22_23,False
283,2,24,1380.0,2.48837063,-1.0,-1.0,481,2_283,NP22_24,False
290,2,25,1360.0,1.18996731,-1.0,-1.0,307,2_290,NP22_25,False
256,2,26,1300.0,0.63270053,-1.0,-1.0,590,2_256,NP22_26,False
126,2,27,1280.0,0.67418909,-1.0,-1.0,531,2_126,NP22_27,False
287,2,28,1260.0,0.76376666,-1.0,-1.0,417,2_287,NP22_28,False
285,2,29,1200.0,1.76326377,-1.0,-1.0,591,2_285,NP22_29,False
122,2,30,1160.0,0.58932613,-1.0,-1.0,178,2_122,NP22_30,False
119,2,31,1120.0,0.3545386,-1.0,-1.0,662,2_119,NP22_31,False
201,2,32,1100.0,0.47900427,-1.0,-1.0,123,2_201,NP22_32,False
116,2,33,1080.0,0.80525522,-1.0,-1.0,389,2_116,NP22_33,False
276,2,34,1080.0,0.48089012,-1.0,-1.0,210,2_276,NP22_34,False
112,2,35,1060.0,0.27910485,-1.0,-1.0,470,2_112,NP22_35,False
242,2,36,1040.0,1.17959517,-1.0,-1.0,260,2_242,NP22_36,False
109,2,37,1000.0,0.71662057,-1.0,-1.0,540,2_109,NP22_37,False
200,2,38,960.0,0.76093789,-1.0,-1.0,174,2_200,NP22_38,False
104,2,39,920.0,0.50352024,3.834880313,0.05859375,16,2_104,NP22_39,False
234,2,40,920.0,0.68078954,-1.0,-1.0,22,2_234,NP22_40,False
103,2,41,900.0,0.35265275,-1.0,-1.0,346,2_103,NP22_41,False
101,2,42,880.0,0.31210712,-1.0,-1.0,315,2_101,NP22_42,False
198,2,43,880.0,0.28664823,-1.0,-1.0,107,2_198,NP22_43,False
231,2,44,880.0,0.93160674,-1.0,-1.0,682,2_231,NP22_44,False
99,2,45,860.0,0.22158662,-1.0,-1.0,478,2_99,NP22_45,False
97,2,46,840.0,0.47051798,-1.0,-1.0,249,2_97,NP22_46,False
216,2,47,840.0,0.40168469,-1.0,-1.0,665,2_216,NP22_47,False
248,2,48,820.0,2.06688459,-1.0,-1.0,86,2_248,NP22_48,False
95,2,49,800.0,0.56858185,-1.0,-1.0,211,2_95,NP22_49,False
252,2,50,780.0,1.38609505,-1.0,-1.0,311,2_252,NP22_50,False
92,2,51,760.0,0.57706814,-1.0,-1.0,655,2_92,NP22_51,False
246,2,52,760.0,0.36208197,-1.0,-1.0,318,2_246,NP22_52,False
193,2,53,720.0,0.31870757,-1.0,-1.0,374,2_193,NP22_53,False
213,2,54,720.0,0.337566,-1.0,-1.0,396,2_213,NP22_54,False
87,2,55,680.0,0.23855922,-1.0,-1.0,159,2_87,NP22_55,False
81,2,56,640.0,0.61572794,2.076209086,0.065104167,83,2_81,NP22_56,False
268,2,57,640.0,0.55538094,-1.0,-1.0,314,2_268,NP22_57,False
79,2,58,620.0,0.26307518,1.196873473,0.084635417,669,2_79,NP22_58,False
260,2,59,620.0,0.43280111,-1.0,-1.0,170,2_260,NP22_59,False
224,2,60,600.0,1.19751069,-1.0,-1.0,89,2_224,NP22_60,False
75,2,61,580.0,0.50634901,2.515876893,0.032552083,216,2_75,NP22_61,False
274,2,62,520.0,0.55443802,-1.0,-1.0,391,2_274,NP22_62,False
232,2,63,480.0,0.65910234,-1.0,-1.0,160,2_232,NP22_63,False
250,2,64,480.0,1.35780739,-1.0,-1.0,644,2_250,NP22_64,False
190,2,65,440.0,0.56575308,-1.0,-1.0,663,2_190,NP22_65,False
47,2,66,400.0,0.2725044,1.148021495,0.130208333,632,2_47,NP22_66,False
281,2,67,380.0,0.69681921,-1.0,-1.0,511,2_281,NP22_67,False
25,2,68,280.0,0.30173498,0.757205667,0.2734375,676,2_25,NP22_68,False
247,3,0,7160.0,0.33049027,-1.0,-1.0,206,3_247,NP26_0,False
244,3,1,7080.0,0.30549521,-1.0,-1.0,652,3_244,NP26_1,False
239,3,2,6960.0,0.91833712,-1.0,-1.0,172,3_239,NP26_2,False
232,3,3,6840.0,16.41435025,-1.0,-1.0,160,3_232,NP26_3,False
221,3,4,6720.0,3.97514071,-1.0,-1.0,286,3_221,NP26_4,False
220,3,5,6700.0,0.81928261,-1.0,-1.0,584,3_220,NP26_5,False
212,3,6,6620.0,8.25762812,-1.0,-1.0,87,3_212,NP26_6,False
287,3,7,6600.0,0.48231214,-1.0,-1.0,417,3_287,NP26_7,False
155,3,8,6040.0,1.12014911,-1.0,-1.0,104,3_155,NP26_8,False
139,3,9,5840.0,0.31938136,-1.0,-1.0,438,3_139,NP26_9,False
134,3,10,5800.0,2.01441691,-1.0,-1.0,675,3_134,NP26_10,False
136,3,11,5800.0,0.43880221,-1.0,-1.0,528,3_136,NP26_11,True
281,3,12,5460.0,0.41195566,-1.0,-1.0,511,3_281,NP26_12,False
126,3,13,5440.0,0.46379727,-1.0,-1.0,531,3_126,NP26_13,False
356,3,14,5280.0,1.17939666,-1.0,-1.0,76,3_356,NP26_14,False
114,3,15,5220.0,0.76373803,-1.0,-1.0,422,3_114,NP26_15,False
360,3,16,5160.0,0.30549521,-1.0,-1.0,232,3_360,NP26_16,True
106,3,17,5120.0,1.65430285,-1.0,-1.0,641,3_106,NP26_17,False
103,3,18,5080.0,0.72393108,-1.0,-1.0,346,3_103,NP26_18,True
376,3,19,5080.0,1.85981781,-1.0,-1.0,508,3_376,NP26_19,False
99,3,20,5040.0,1.4274958,-1.0,-1.0,478,3_99,NP26_20,False
98,3,21,5000.0,0.60080725,-1.0,-1.0,28,3_98,NP26_21,False
325,3,22,4980.0,0.92481732,-1.0,-1.0,583,3_325,NP26_22,False
340,3,23,4960.0,0.84798065,-1.0,-1.0,678,3_340,NP26_23,True
80,3,24,4720.0,0.33882196,0.415241817,0.169270833,181,3_80,NP26_24,False
75,3,25,4640.0,0.3267873,2.515876893,0.032552083,216,3_75,NP26_25,False
63,3,26,4520.0,1.90517922,0.366389839,0.345052083,498,3_63,NP26_26,False
64,3,27,4520.0,1.13958971,0.512945774,0.1171875,303,3_64,NP26_27,False
58,3,28,4480.0,2.20049126,0.024425989,0.0,572,3_58,NP26_28,False
272,3,29,4440.0,0.35178236,-1.0,-1.0,91,3_272,NP26_29,False
273,3,30,4440.0,0.39436654,-1.0,-1.0,246,3_273,NP26_30,False
53,3,31,4400.0,1.43119878,0.952613581,0.104166667,434,3_53,NP26_31,False
388,3,32,4360.0,5.7247951,-1.0,-1.0,245,3_388,NP26_32,False
372,3,33,4240.0,1.97646144,-1.0,-1.0,366,3_372,NP26_33,False
33,3,34,4200.0,0.29808927,-1.0,-1.0,271,3_33,NP26_34,False
34,3,35,4200.0,0.30364372,1.734245237,0.123697917,628,3_34,NP26_35,False
362,3,36,4200.0,2.4958033,-1.0,-1.0,328,3_362,NP26_36,False
32,3,37,4180.0,0.34807939,0.024425989,0.325520833,630,3_32,NP26_37,False
384,3,38,4160.0,3.12716007,-1.0,-1.0,177,3_384,NP26_38,False
22,3,39,4120.0,2.92812531,2.418172936,0.01953125,639,3_22,NP26_39,False
15,3,40,4040.0,3.02717982,0.464093796,0.110677083,462,3_15,NP26_40,False
270,3,41,4040.0,1.23216402,-1.0,-1.0,141,3_270,NP26_41,False
328,3,42,4040.0,0.33882196,-1.0,-1.0,182,3_328,NP26_42,False
296,3,43,4020.0,1.14329268,-1.0,-1.0,513,3_296,NP26_43,False
297,3,44,4020.0,0.22217834,-1.0,-1.0,504,3_297,NP26_44,False
338,3,45,4000.0,0.47027748,-1.0,-1.0,6,3_338,NP26_45,False
268,3,46,3860.0,1.54228794,-1.0,-1.0,314,3_268,NP26_46,False
264,3,47,3720.0,1.84593167,-1.0,-1.0,407,3_264,NP26_47,False
262,3,48,3640.0,1.8616693,-1.0,-1.0,338,3_262,NP26_48,False
261,3,49,3600.0,1.8616693,-1.0,-1.0,242,3_261,NP26_49,False
259,3,50,3520.0,1.51358991,-1.0,-1.0,261,3_259,NP26_50,False
258,3,51,3500.0,1.64504542,-1.0,-1.0,7,3_258,NP26_51,False
257,3,52,3460.0,2.15883282,-1.0,-1.0,668,3_257,NP26_52,False
387,3,53,3440.0,4.18806162,-1.0,-1.0,297,3_387,NP26_53,False
252,3,54,3420.0,1.23308976,-1.0,-1.0,311,3_252,NP26_54,False
250,3,55,3400.0,1.9949763,-1.0,-1.0,644,3_250,NP26_55,True
246,3,56,3320.0,1.40342648,-1.0,-1.0,318,3_246,NP26_56,False
245,3,57,3280.0,1.48952059,-1.0,-1.0,556,3_245,NP26_57,False
242,3,58,3180.0,2.2421497,-1.0,-1.0,260,3_242,NP26_58,False
241,3,59,3160.0,2.34120421,-1.0,-1.0,173,3_241,NP26_59,False
238,3,60,3120.0,2.73927372,-1.0,-1.0,319,3_238,NP26_60,False
233,3,61,3040.0,0.40177249,-1.0,-1.0,421,3_233,NP26_61,False
229,3,62,3000.0,0.91000543,-1.0,-1.0,121,3_229,NP26_62,False
224,3,63,2920.0,1.36176805,-1.0,-1.0,89,3_224,NP26_63,False
206,3,64,2740.0,0.98776785,-1.0,-1.0,227,3_206,NP26_64,False
286,3,65,2740.0,2.23844673,-1.0,-1.0,605,3_286,NP26_65,False
285,3,66,2720.0,0.45453984,-1.0,-1.0,591,3_285,NP26_66,False
202,3,67,2700.0,2.59300632,-1.0,-1.0,208,3_202,NP26_67,False
194,3,68,2640.0,1.84408018,-1.0,-1.0,147,3_194,NP26_68,False
195,3,69,2600.0,1.04886689,-1.0,-1.0,169,3_195,NP26_69,False
190,3,70,2560.0,4.34821517,-1.0,-1.0,663,3_190,NP26_70,False
390,3,71,2480.0,4.91014121,-1.0,-1.0,534,3_390,NP26_71,False
180,3,72,2420.0,2.14494668,-1.0,-1.0,312,3_180,NP26_72,False
176,3,73,2380.0,3.71130394,-1.0,-1.0,219,3_176,NP26_73,False
169,3,74,2340.0,0.37585168,-1.0,-1.0,649,3_169,NP26_74,False
326,3,75,2340.0,1.44508492,-1.0,-1.0,288,3_326,NP26_75,False
170,3,76,2300.0,0.23143577,-1.0,-1.0,378,3_170,NP26_76,False
336,3,77,2300.0,1.01276291,-1.0,-1.0,568,3_336,NP26_77,False
165,3,78,2280.0,2.37823393,-1.0,-1.0,363,3_165,NP26_78,False
164,3,79,2260.0,1.26086205,-1.0,-1.0,476,3_164,NP26_79,False
161,3,80,2240.0,2.08569912,-1.0,-1.0,384,3_161,NP26_80,True
159,3,81,2220.0,0.37585168,-1.0,-1.0,20,3_159,NP26_81,False
154,3,82,2180.0,0.26939123,-1.0,-1.0,596,3_154,NP26_82,False
143,3,83,2120.0,0.55729732,-1.0,-1.0,562,3_143,NP26_83,False
144,3,84,2120.0,1.9820159,-1.0,-1.0,340,3_144,NP26_84,False
385,3,85,1480.0,0.71282216,-1.0,-1.0,289,3_385,NP26_85,False
290,3,86,860.0,0.23051002,-1.0,-1.0,307,3_290,NP26_86,False
76,3,87,820.0,0.67208946,0.561797753,0.377604167,65,3_76,NP26_87,False
69,3,88,740.0,0.25550509,0.903761602,0.21484375,521,3_69,NP26_88,False
65,3,89,700.0,0.41843586,0.024425989,0.0,579,3_65,NP26_89,False
50,3,90,540.0,0.51286166,0.952613581,0.143229167,292,3_50,NP26_90,False
51,3,91,540.0,5.04344821,2.760136786,0.0,610,3_51,NP26_91,False
47,3,92,500.0,2.58004592,1.148021495,0.130208333,632,3_47,NP26_92,False
26,3,93,300.0,0.21940111,1.831949194,0.045572917,561,3_26,NP26_93,False
18,3,94,260.0,0.3267873,1.734245237,0.162760417,352,3_18,NP26_94,False
90,4,0,4900.0,12.78389007,0.757205667,0.149739583,4,4_90,NP34-1_0,False
89,4,1,4860.0,0.32807529,-1.0,-1.0,424,4_89,NP34-1_1,False
262,4,2,4860.0,1.82926829,-1.0,-1.0,338,4_262,NP34-1_2,False
260,4,3,4820.0,8.67908271,-1.0,-1.0,170,4_260,NP34-1_3,False
259,4,4,4760.0,1.79281548,-1.0,-1.0,261,4_259,NP34-1_4,False
330,4,5,4740.0,7.07184517,-1.0,-1.0,622,4_330,NP34-1_5,False
258,4,6,4700.0,6.06331743,-1.0,-1.0,7,4_258,NP34-1_6,False
108,4,7,1860.0,0.39103924,2.662432829,0.013020833,281,4_108,NP34-1_7,True
101,4,8,1520.0,0.44074761,-1.0,-1.0,315,4_101,NP34-1_8,False
99,4,9,1500.0,0.69481265,-1.0,-1.0,478,4_99,NP34-1_9,False
275,4,10,1460.0,1.56415695,-1.0,-1.0,463,4_275,NP34-1_10,False
276,4,11,1460.0,2.85547013,-1.0,-1.0,210,4_276,NP34-1_11,False
93,4,12,1220.0,0.25296041,0.024425989,0.0,604,4_93,NP34-1_12,False
305,4,13,940.0,0.96434252,-1.0,-1.0,415,4_305,NP34-1_13,False
306,4,14,940.0,2.21809827,-1.0,-1.0,30,4_306,NP34-1_14,False
61,4,15,900.0,0.24964652,4.030288227,0.09765625,308,4_61,NP34-1_15,False
269,4,16,900.0,0.69812655,-1.0,-1.0,472,4_269,NP34-1_16,False
59,4,17,880.0,0.29051785,3.981436248,0.078125,603,4_59,NP34-1_17,False
56,4,18,840.0,0.22092612,2.760136786,0.05859375,105,4_56,NP34-1_18,False
292,4,19,840.0,0.56115235,-1.0,-1.0,244,4_292,NP34-1_19,False
54,4,20,820.0,0.73899788,1.489985344,0.091145833,519,4_54,NP34-1_20,False
51,4,21,800.0,1.44817073,2.760136786,0.0,610,4_51,NP34-1_21,False
295,4,22,780.0,1.22061683,-1.0,-1.0,85,4_295,NP34-1_22,True
46,4,23,700.0,0.88370449,0.219833903,0.540364583,499,4_46,NP34-1_23,False
45,4,24,680.0,0.31261046,0.464093796,0.286458333,149,4_45,NP34-1_24,False
39,4,25,580.0,0.40981796,0.464093796,0.104166667,35,4_39,NP34-1_25,False
34,4,26,540.0,0.82736833,1.734245237,0.123697917,628,4_34,NP34-1_26,False
29,4,27,500.0,0.71027748,0.024425989,0.1953125,444,4_29,NP34-1_27,False
329,4,28,500.0,0.28941322,-1.0,-1.0,637,4_329,NP34-1_28,False
288,4,29,480.0,0.35237717,-1.0,-1.0,108,4_288,NP34-1_29,False
299,4,30,460.0,0.14912513,-1.0,-1.0,595,4_299,NP34-1_30,False
300,4,31,460.0,0.50813008,-1.0,-1.0,631,4_300,NP34-1_31,False
327,4,32,420.0,0.8947508,-1.0,-1.0,609,4_327,NP34-1_32,False
328,4,33,340.0,0.22755391,-1.0,-1.0,182,4_328,NP34-1_33,False
314,4,34,320.0,1.47247261,-1.0,-1.0,388,4_314,NP34-1_34,False
4,4,35,120.0,0.22313538,0.854909624,0.3515625,496,4_4,NP34-1_35,False
3,4,36,100.0,0.96655179,2.320468979,0.09765625,45,4_3,NP34-1_36,False
106,5,0,5040.0,3.52032108,-1.0,-1.0,641,5_106,NP34-2_0,False
541,5,1,4840.0,4.07874883,-1.0,-1.0,469,5_541,NP34-2_1,False
57,5,2,4640.0,0.30797012,1.685393258,0.05859375,17,5_57,NP34-2_2,False
532,5,3,4240.0,1.28846534,-1.0,-1.0,99,5_532,NP34-2_3,False
531,5,4,4060.0,1.21889378,-1.0,-1.0,611,5_531,NP34-2_4,False
16,5,5,4040.0,0.50277049,0.024425989,0.29296875,255,5_16,NP34-2_5,False
529,5,6,4040.0,3.67987186,-1.0,-1.0,110,5_529,NP34-2_6,False
11,5,7,3960.0,2.63166032,2.906692721,0.104166667,154,5_11,NP34-2_7,False
526,5,8,3960.0,0.29962153,-1.0,-1.0,66,5_526,NP34-2_8,False
9,5,9,3920.0,4.90062089,2.320468979,0.104166667,96,5_9,NP34-2_9,False
3,5,10,3840.0,1.01388958,2.320468979,0.09765625,45,5_3,NP34-2_10,False
511,5,11,3840.0,1.55562015,-1.0,-1.0,43,5_511,NP34-2_11,False
566,5,12,3780.0,1.31629397,-1.0,-1.0,398,5_566,NP34-2_12,False
487,5,13,3740.0,0.89793697,-1.0,-1.0,536,5_487,NP34-2_13,False
630,5,14,3720.0,0.94153515,-1.0,-1.0,218,5_630,NP34-2_14,False
634,5,15,3660.0,0.14841933,-1.0,-1.0,517,5_634,NP34-2_15,False
385,5,16,3540.0,0.76157671,-1.0,-1.0,289,5_385,NP34-2_16,False
386,5,17,3540.0,0.36548261,-1.0,-1.0,636,5_386,NP34-2_17,False
601,5,18,3380.0,1.37751694,-1.0,-1.0,594,5_601,NP34-2_18,False
297,5,19,3320.0,1.65673082,-1.0,-1.0,504,5_297,NP34-2_19,False
579,5,20,3260.0,0.49534953,-1.0,-1.0,491,5_579,NP34-2_20,False
261,5,21,3220.0,0.82094444,-1.0,-1.0,242,5_261,NP34-2_21,False
626,5,22,3200.0,1.54077821,-1.0,-1.0,29,5_626,NP34-2_22,False
225,5,23,2960.0,2.43314946,-1.0,-1.0,317,5_225,NP34-2_23,False
610,5,24,2900.0,3.32737595,-1.0,-1.0,140,5_610,NP34-2_24,False
637,5,25,2860.0,0.40537031,-1.0,-1.0,553,5_637,NP34-2_25,False
638,5,26,2860.0,0.10389353,-1.0,-1.0,324,5_638,NP34-2_26,False
615,5,27,2840.0,0.78476723,-1.0,-1.0,383,5_615,NP34-2_27,False
558,5,28,2680.0,2.48045812,-1.0,-1.0,656,5_558,NP34-2_28,False
556,5,29,2660.0,1.11407263,-1.0,-1.0,354,5_556,NP34-2_29,False
188,5,30,2640.0,0.4897838,-1.0,-1.0,88,5_188,NP34-2_30,False
649,5,31,2600.0,0.23097759,-1.0,-1.0,137,5_649,NP34-2_31,False
650,5,32,2600.0,0.31353584,-1.0,-1.0,432,5_650,NP34-2_32,False
166,5,33,2260.0,1.43873992,-1.0,-1.0,399,5_166,NP34-2_33,False
164,5,34,2240.0,0.33672636,-1.0,-1.0,476,5_164,NP34-2_34,True
165,5,35,2240.0,0.85526641,-1.0,-1.0,363,5_165,NP34-2_35,False
550,5,36,2240.0,0.29776629,-1.0,-1.0,359,5_550,NP34-2_36,False
153,5,37,1900.0,0.72354425,-1.0,-1.0,580,5_153,NP34-2_37,False
141,5,38,1700.0,1.01388958,-1.0,-1.0,93,5_141,NP34-2_38,False
137,5,39,1680.0,3.78005492,-1.0,-1.0,212,5_137,NP34-2_39,False
646,5,40,1640.0,0.46102756,-1.0,-1.0,253,5_646,NP34-2_40,False
549,5,41,1600.0,0.30982536,-1.0,-1.0,151,5_549,NP34-2_41,False
652,5,42,1600.0,3.31902736,-1.0,-1.0,176,5_652,NP34-2_42,False
628,5,43,1580.0,1.6381784,-1.0,-1.0,555,5_628,NP34-2_43,False
122,5,44,1460.0,0.76064909,-1.0,-1.0,178,5_122,NP34-2_44,False
120,5,45,1440.0,1.16972988,-1.0,-1.0,117,5_120,NP34-2_45,False
571,5,46,1440.0,1.16045367,-1.0,-1.0,627,5_571,NP34-2_46,False
116,5,47,1380.0,5.36350369,-1.0,-1.0,389,5_116,NP34-2_47,False
108,5,48,1340.0,4.54812497,2.662432829,0.013020833,281,5_108,NP34-2_48,False
587,5,49,1300.0,0.37197596,-1.0,-1.0,376,5_587,NP34-2_49,False
107,5,50,1220.0,0.3515683,0.854909624,0.09765625,680,5_107,NP34-2_50,False
105,5,51,1200.0,0.58625637,-1.0,-1.0,293,5_105,NP34-2_51,False
545,5,52,1200.0,1.60478405,-1.0,-1.0,15,5_545,NP34-2_52,False
97,5,53,1140.0,1.08809924,-1.0,-1.0,249,5_97,NP34-2_53,True
544,5,54,1100.0,0.56213823,-1.0,-1.0,525,5_544,NP34-2_54,False
85,5,55,1020.0,0.70591946,-1.0,-1.0,203,5_85,NP34-2_55,False
543,5,56,1000.0,0.6187231,-1.0,-1.0,538,5_543,NP34-2_56,False
597,5,57,1000.0,0.418357,-1.0,-1.0,658,5_597,NP34-2_57,False
614,5,58,980.0,0.34136447,-1.0,-1.0,68,5_614,NP34-2_58,False
70,5,59,920.0,0.59738782,0.806057645,0.201822917,371,5_70,NP34-2_59,False
540,5,60,920.0,0.34600257,-1.0,-1.0,673,5_540,NP34-2_60,False
66,5,61,900.0,1.42946371,2.564728872,0.110677083,254,5_66,NP34-2_61,False
539,5,62,880.0,0.33858161,-1.0,-1.0,238,5_539,NP34-2_62,False
59,5,63,840.0,0.45175135,3.981436248,0.078125,603,5_59,NP34-2_63,False
623,5,64,840.0,1.96284569,-1.0,-1.0,186,5_623,NP34-2_64,False
58,5,65,820.0,0.62521644,0.024425989,0.0,572,5_58,NP34-2_65,False
56,5,66,800.0,0.77363578,2.760136786,0.05859375,105,5_56,NP34-2_66,False
647,5,67,800.0,1.31072824,-1.0,-1.0,510,5_647,NP34-2_67,True
48,5,68,640.0,1.29032059,0.268685882,0.221354167,643,5_48,NP34-2_68,False
536,5,69,640.0,1.08717162,-1.0,-1.0,200,5_536,NP34-2_69,True
535,5,70,600.0,0.61965072,-1.0,-1.0,490,5_535,NP34-2_70,False
621,5,71,600.0,0.16882699,-1.0,-1.0,240,5_621,NP34-2_71,False
622,5,72,600.0,1.49718003,-1.0,-1.0,345,5_622,NP34-2_72,False
533,5,73,540.0,0.62243358,-1.0,-1.0,115,5_533,NP34-2_73,False
534,5,74,540.0,0.90443032,-1.0,-1.0,494,5_534,NP34-2_74,False
642,5,75,440.0,0.18181368,-1.0,-1.0,282,5_642,NP34-2_75,False
33,5,76,420.0,0.99069906,-1.0,-1.0,271,5_33,NP34-2_76,False
30,5,77,400.0,2.62052887,2.027357108,0.1171875,342,5_30,NP34-2_77,False
26,5,78,340.0,2.49530005,1.831949194,0.045572917,561,5_26,NP34-2_78,False
15,5,79,200.0,0.70499184,0.464093796,0.110677083,462,5_15,NP34-2_79,True
636,5,80,60.0,1.24765003,-1.0,-1.0,549,5_636,NP34-2_80,False
0,5,81,0.0,1.90255034,-1.0,-1.0,445,5_0,NP34-2_81,False
956,6,0,5060.0,1.47772524,-1.0,-1.0,95,6_956,NP39_0,False
958,6,1,4980.0,3.01922598,-1.0,-1.0,239,6_958,NP39_1,False
796,6,2,4860.0,0.37643106,-1.0,-1.0,330,6_796,NP39_2,False
816,6,3,4780.0,0.6377551,-1.0,-1.0,523,6_816,NP39_3,False
898,6,4,4740.0,1.64260826,-1.0,-1.0,454,6_898,NP39_4,False
842,6,5,4660.0,1.53994525,-1.0,-1.0,128,6_842,NP39_5,False
828,6,6,4640.0,1.8479343,-1.0,-1.0,14,6_828,NP39_6,False
884,6,7,4640.0,1.40461672,-1.0,-1.0,1,6_884,NP39_7,False
874,6,8,4540.0,1.2506222,-1.0,-1.0,39,6_874,NP39_8,False
934,6,9,4540.0,3.103223,-1.0,-1.0,241,6_934,NP39_9,False
723,6,10,4500.0,0.83530363,-1.0,-1.0,323,6_723,NP39_10,False
882,6,11,4500.0,0.79330513,-1.0,-1.0,602,6_882,NP39_11,False
969,6,12,4500.0,0.99240916,-1.0,-1.0,70,6_969,NP39_12,False
148,6,13,4380.0,2.80767795,-1.0,-1.0,175,6_148,NP39_13,False
983,6,14,4260.0,1.18840219,-1.0,-1.0,468,6_983,NP39_14,False
75,6,15,4200.0,1.47616974,2.515876893,0.032552083,216,6_75,NP39_15,False
830,6,16,4180.0,0.33598805,-1.0,-1.0,679,6_830,NP39_16,False
63,6,17,4160.0,1.20240169,0.366389839,0.345052083,498,6_63,NP39_17,False
832,6,18,4100.0,3.17633151,-1.0,-1.0,234,6_832,NP39_18,False
888,6,19,4020.0,2.59301891,-1.0,-1.0,190,6_888,NP39_19,False
924,6,20,3940.0,0.6284221,-1.0,-1.0,204,6_924,NP39_20,False
856,6,21,3880.0,2.36747138,-1.0,-1.0,526,6_856,NP39_21,False
858,6,22,3880.0,0.58331259,-1.0,-1.0,11,6_858,NP39_22,False
761,6,23,3780.0,2.63035092,-1.0,-1.0,615,6_761,NP39_23,False
759,6,24,3740.0,1.17595819,-1.0,-1.0,670,6_759,NP39_24,False
804,6,25,3640.0,0.98618716,-1.0,-1.0,274,6_804,NP39_25,False
894,6,26,3520.0,4.81271777,-1.0,-1.0,278,6_894,NP39_26,False
981,6,27,3460.0,3.1141115,-1.0,-1.0,370,6_981,NP39_27,False
942,6,28,3380.0,3.55742907,-1.0,-1.0,348,6_942,NP39_28,False
647,6,29,3340.0,1.18684669,-1.0,-1.0,510,6_647,NP39_29,False
972,6,30,3220.0,4.31806869,-1.0,-1.0,629,6_972,NP39_30,False
826,6,31,3140.0,3.87630662,-1.0,-1.0,461,6_826,NP39_31,False
605,6,32,3120.0,8.24259582,-1.0,-1.0,597,6_605,NP39_32,False
960,6,33,3100.0,0.6424216,-1.0,-1.0,634,6_960,NP39_33,False
750,6,34,3080.0,0.78086112,-1.0,-1.0,13,6_750,NP39_34,False
971,6,35,3080.0,0.54286959,-1.0,-1.0,209,6_971,NP39_35,False
810,6,36,2860.0,1.08885017,-1.0,-1.0,129,6_810,NP39_36,False
814,6,37,2820.0,3.1234445,-1.0,-1.0,429,6_814,NP39_37,False
808,6,38,2780.0,3.32254853,-1.0,-1.0,419,6_808,NP39_38,False
812,6,39,2700.0,0.54131409,-1.0,-1.0,220,6_812,NP39_39,False
938,6,40,2700.0,3.7238676,-1.0,-1.0,237,6_938,NP39_40,False
862,6,41,2660.0,0.44487307,-1.0,-1.0,351,6_862,NP39_41,False
864,6,42,2660.0,0.26287954,-1.0,-1.0,341,6_864,NP39_42,False
747,6,43,2620.0,2.24458686,-1.0,-1.0,386,6_747,NP39_43,False
932,6,44,2560.0,1.45439273,-1.0,-1.0,118,6_932,NP39_44,False
502,6,45,2480.0,1.67060727,-1.0,-1.0,357,6_502,NP39_45,False
746,6,46,2480.0,0.32509955,-1.0,-1.0,155,6_746,NP39_46,False
890,6,47,2420.0,2.93056247,-1.0,-1.0,425,6_890,NP39_47,False
780,6,48,2300.0,0.93174465,-1.0,-1.0,507,6_780,NP39_48,True
465,6,49,2220.0,6.04467397,-1.0,-1.0,106,6_465,NP39_49,False
742,6,50,2220.0,2.08125933,-1.0,-1.0,132,6_742,NP39_50,False
940,6,51,2180.0,4.94026879,-1.0,-1.0,650,6_940,NP39_51,False
820,6,52,2140.0,2.88856396,-1.0,-1.0,607,6_820,NP39_52,False
834,6,53,2140.0,0.42776257,-1.0,-1.0,279,6_834,NP39_53,False
936,6,54,2120.0,1.08885017,-1.0,-1.0,233,6_936,NP39_54,False
437,6,55,2080.0,4.15940767,-1.0,-1.0,570,6_437,NP39_55,False
906,6,56,2060.0,5.18137133,-1.0,-1.0,455,6_906,NP39_56,False
429,6,57,2020.0,2.69412643,-1.0,-1.0,252,6_429,NP39_57,False
428,6,58,2000.0,6.30910901,-1.0,-1.0,134,6_428,NP39_58,False
739,6,59,1980.0,0.98929816,-1.0,-1.0,310,6_739,NP39_59,False
912,6,60,1880.0,0.32976605,-1.0,-1.0,150,6_912,NP39_60,False
410,6,61,1840.0,2.95545047,-1.0,-1.0,543,6_410,NP39_61,False
407,6,62,1820.0,2.18703335,-1.0,-1.0,12,6_407,NP39_62,False
798,6,63,1800.0,1.72816078,-1.0,-1.0,500,6_798,NP39_63,False
954,6,64,1800.0,0.41998507,-1.0,-1.0,569,6_954,NP39_64,False
800,6,65,1760.0,0.82752613,-1.0,-1.0,90,6_800,NP39_65,False
872,6,66,1740.0,0.49464908,-1.0,-1.0,32,6_872,NP39_66,False
928,6,67,1740.0,0.36398706,-1.0,-1.0,581,6_928,NP39_67,False
964,6,68,1680.0,1.78260329,-1.0,-1.0,541,6_964,NP39_68,False
880,6,69,1600.0,3.16388751,-1.0,-1.0,400,6_880,NP39_69,False
822,6,70,1580.0,2.76412394,-1.0,-1.0,229,6_822,NP39_70,False
316,6,71,1360.0,4.76294176,-1.0,-1.0,225,6_316,NP39_71,False
840,6,72,1340.0,1.32528621,-1.0,-1.0,213,6_840,NP39_72,False
784,6,73,1300.0,0.57709059,-1.0,-1.0,515,6_784,NP39_73,False
930,6,74,1260.0,1.9039323,-1.0,-1.0,633,6_930,NP39_74,False
977,6,75,1220.0,2.57124191,-1.0,-1.0,464,6_977,NP39_75,False
289,6,76,1200.0,0.49776008,-1.0,-1.0,480,6_289,NP39_76,False
282,6,77,1140.0,0.6393106,-1.0,-1.0,598,6_282,NP39_77,False
910,6,78,1120.0,2.72212544,-1.0,-1.0,92,6_910,NP39_78,False
278,6,79,1100.0,1.13551518,-1.0,-1.0,527,6_278,NP39_79,False
850,6,80,1100.0,0.20377053,-1.0,-1.0,331,6_850,NP39_80,False
946,6,81,980.0,1.67216277,-1.0,-1.0,97,6_946,NP39_81,False
985,6,82,940.0,3.49676456,-1.0,-1.0,179,6_985,NP39_82,False
918,6,83,920.0,4.34295669,-1.0,-1.0,183,6_918,NP39_83,True
973,6,84,860.0,15.19879293,-1.0,-1.0,112,6_973,NP39_84,False
902,6,85,760.0,8.57702837,-1.0,-1.0,613,6_902,NP39_85,False
866,6,86,700.0,0.73886262,-1.0,-1.0,439,6_866,NP39_86,False
860,6,87,620.0,6.56110005,-1.0,-1.0,582,6_860,NP39_87,False
916,6,88,620.0,0.47598308,-1.0,-1.0,520,6_916,NP39_88,False
720,6,89,600.0,0.35154306,-1.0,-1.0,411,6_720,NP39_89,False
926,6,90,580.0,5.27625684,-1.0,-1.0,266,6_926,NP39_90,False
904,6,91,400.0,1.47461424,-1.0,-1.0,304,6_904,NP39_91,False
81,6,92,380.0,5.32292185,2.076209086,0.065104167,83,6_81,NP39_92,False
836,6,93,360.0,0.6533101,-1.0,-1.0,217,6_836,NP39_93,False
848,6,94,300.0,3.98519164,-1.0,-1.0,547,6_848,NP39_94,False
870,6,95,300.0,4.63072424,-1.0,-1.0,63,6_870,NP39_95,False
46,6,96,280.0,0.70464161,0.219833903,0.540364583,499,6_46,NP39_96,False
716,6,97,280.0,0.55220259,-1.0,-1.0,617,6_716,NP39_97,False
984,6,98,280.0,11.62114236,-1.0,-1.0,684,6_984,NP39_98,False
846,6,99,180.0,12.27134146,-1.0,-1.0,236,6_846,NP39_99,False
892,6,100,0.0,8.51791936,-1.0,-1.0,428,6_892,NP39_100,False
300,7,0,4960.0,1.5488695,-1.0,-1.0,631,7_300,NP43_0,False
82,7,1,4920.0,2.71052163,0.512945774,0.104166667,272,7_82,NP43_1,False
298,7,2,4820.0,7.08674559,-1.0,-1.0,482,7_298,NP43_2,False
43,7,3,4580.0,16.56355706,0.268685882,0.032552083,466,7_43,NP43_3,False
36,7,4,4480.0,15.69231796,0.854909624,0.110677083,9,7_36,NP43_4,False
25,7,5,4280.0,5.27750579,0.757205667,0.2734375,676,7_25,NP43_5,False
7,7,6,4000.0,1.03480506,2.173913043,0.104166667,290,7_7,NP43_6,False
342,7,7,3920.0,4.11585366,-1.0,-1.0,467,7_342,NP43_7,False
284,7,8,3700.0,3.80541214,-1.0,-1.0,320,7_284,NP43_8,False
259,7,9,3540.0,0.81115364,-1.0,-1.0,261,7_259,NP43_9,False
260,7,10,3500.0,4.20598184,-1.0,-1.0,170,7_260,NP43_10,False
239,7,11,3360.0,9.31658359,-1.0,-1.0,172,7_239,NP43_11,False
236,7,12,3280.0,1.16499021,-1.0,-1.0,109,7_236,NP43_12,True
234,7,13,3260.0,2.21982375,-1.0,-1.0,22,7_234,NP43_13,False
331,7,14,3220.0,1.9327488,-1.0,-1.0,298,7_331,NP43_14,False
309,7,15,3200.0,2.02287698,-1.0,-1.0,139,7_309,NP43_15,False
221,7,16,3160.0,3.25129072,-1.0,-1.0,286,7_221,NP43_16,False
215,7,17,3100.0,2.81400214,-1.0,-1.0,235,7_215,NP43_17,False
213,7,18,3040.0,4.06244437,-1.0,-1.0,396,7_213,NP43_18,False
322,7,19,3040.0,7.51401994,-1.0,-1.0,248,7_322,NP43_19,False
200,7,20,2820.0,6.61941428,-1.0,-1.0,174,7_200,NP43_20,False
198,7,21,2740.0,5.65470892,-1.0,-1.0,107,7_198,NP43_21,False
307,7,22,2740.0,2.47685597,-1.0,-1.0,51,7_307,NP43_22,False
195,7,23,2680.0,11.20259925,-1.0,-1.0,169,7_195,NP43_23,False
179,7,24,2600.0,2.08630052,-1.0,-1.0,33,7_179,NP43_24,False
317,7,25,2600.0,4.10250134,-1.0,-1.0,505,7_317,NP43_25,False
306,7,26,2500.0,3.44489941,-1.0,-1.0,30,7_306,NP43_26,False
173,7,27,2480.0,9.9574951,-1.0,-1.0,153,7_173,NP43_27,False
170,7,28,2440.0,8.3385259,-1.0,-1.0,378,7_170,NP43_28,False
304,7,29,2360.0,6.77964216,-1.0,-1.0,448,7_304,NP43_29,False
162,7,30,2340.0,3.50498487,-1.0,-1.0,402,7_162,NP43_30,False
160,7,31,2260.0,5.81159872,-1.0,-1.0,564,7_160,NP43_31,False
159,7,32,2220.0,3.17117678,-1.0,-1.0,20,7_159,NP43_32,False
150,7,33,2080.0,3.59177497,-1.0,-1.0,404,7_150,NP43_33,False
149,7,34,2020.0,2.9942585,-1.0,-1.0,392,7_149,NP43_34,False
341,7,35,2000.0,5.99853124,-1.0,-1.0,372,7_341,NP43_35,False
114,7,36,1680.0,0.70099697,-1.0,-1.0,422,7_114,NP43_36,False
106,7,37,1620.0,1.98615809,-1.0,-1.0,641,7_106,NP43_37,False
104,7,38,1580.0,3.29468578,3.834880313,0.05859375,16,7_104,NP43_38,False
102,7,39,1540.0,3.80207406,-1.0,-1.0,502,7_102,NP43_39,False
101,7,40,1520.0,1.77252092,-1.0,-1.0,315,7_101,NP43_40,False
98,7,41,1500.0,0.99808617,-1.0,-1.0,28,7_98,NP43_41,False
327,7,42,1480.0,3.43488517,-1.0,-1.0,609,7_327,NP43_42,False
96,7,43,1420.0,5.29753427,-1.0,-1.0,143,7_96,NP43_43,False
90,7,44,1300.0,39.56293395,0.757205667,0.149739583,4,7_90,NP43_44,False
84,7,45,1180.0,11.8034538,-1.0,-1.0,625,7_84,NP43_45,False
63,7,46,1040.0,49.55047178,0.366389839,0.345052083,498,7_63,NP43_46,False
78,7,47,1020.0,18.54303899,1.63654128,0.279947917,82,7_78,NP43_47,False
299,7,48,980.0,1.38196546,-1.0,-1.0,595,7_299,NP43_48,False
57,7,49,940.0,1.0615097,1.685393258,0.05859375,17,7_57,NP43_49,False
51,7,50,860.0,4.543128,2.760136786,0.0,610,7_51,NP43_50,False
296,7,51,860.0,1.4620794,-1.0,-1.0,513,7_296,NP43_51,False
50,7,52,840.0,6.34235357,0.952613581,0.143229167,292,7_50,NP43_52,False
295,7,53,840.0,5.44107175,-1.0,-1.0,85,7_295,NP43_53,False
48,7,54,820.0,0.87791526,0.268685882,0.221354167,643,7_48,NP43_54,False
32,7,55,580.0,2.4201086,0.024425989,0.325520833,630,7_32,NP43_55,False
33,7,56,580.0,7.28369236,-1.0,-1.0,271,7_33,NP43_56,False
30,7,57,560.0,45.4379562,2.027357108,0.1171875,342,7_30,NP43_57,False
294,7,58,520.0,2.67714082,-1.0,-1.0,654,7_294,NP43_58,False
26,7,59,460.0,5.28752003,1.831949194,0.045572917,561,7_26,NP43_59,False
293,7,60,380.0,2.0362293,-1.0,-1.0,647,7_293,NP43_60,False
8,7,61,180.0,1.90938223,0.610649731,0.364583333,443,7_8,NP43_61,False
465,8,0,7420.0,10.94512195,-1.0,-1.0,106,8_465,NP48_0,False
409,8,1,6180.0,3.23170732,-1.0,-1.0,405,8_409,NP48_1,False
389,8,2,6140.0,1.00609756,-1.0,-1.0,305,8_389,NP48_2,False
500,8,3,5880.0,10.19715447,-1.0,-1.0,509,8_500,NP48_3,False
382,8,4,5800.0,0.14837398,-1.0,-1.0,207,8_382,NP48_4,False
487,8,5,5800.0,3.41056911,-1.0,-1.0,536,8_487,NP48_5,False
174,8,6,5760.0,0.98577236,-1.0,-1.0,201,8_174,NP48_6,False
170,8,7,5700.0,0.80691057,-1.0,-1.0,378,8_170,NP48_7,False
377,8,8,5520.0,0.33943089,-1.0,-1.0,343,8_377,NP48_8,False
491,8,9,5500.0,6.38617886,-1.0,-1.0,408,8_491,NP48_9,False
469,8,10,5380.0,12.79268293,-1.0,-1.0,222,8_469,NP48_10,True
497,8,11,5300.0,5.23373984,-1.0,-1.0,495,8_497,NP48_11,False
504,8,12,5220.0,4.05894309,-1.0,-1.0,152,8_504,NP48_12,False
135,8,13,5200.0,1.69715447,-1.0,-1.0,256,8_135,NP48_13,False
503,8,14,5200.0,7.0101626,-1.0,-1.0,532,8_503,NP48_14,False
116,8,15,5160.0,0.95325203,-1.0,-1.0,389,8_116,NP48_15,False
111,8,16,5100.0,10.53658537,-1.0,-1.0,377,8_111,NP48_16,False
480,8,17,4880.0,5.26219512,-1.0,-1.0,73,8_480,NP48_17,False
478,8,18,4760.0,3.33943089,-1.0,-1.0,585,8_478,NP48_18,False
452,8,19,4720.0,1.38414634,-1.0,-1.0,100,8_452,NP48_19,False
476,8,20,4700.0,2.69308943,-1.0,-1.0,25,8_476,NP48_20,False
425,8,21,4620.0,3.38617886,-1.0,-1.0,158,8_425,NP48_21,False
397,8,22,4580.0,1.00813008,-1.0,-1.0,333,8_397,NP48_22,False
398,8,23,4580.0,0.48577236,-1.0,-1.0,231,8_398,NP48_23,False
499,8,24,4520.0,3.46341463,-1.0,-1.0,322,8_499,NP48_24,False
48,8,25,4380.0,0.7398374,0.268685882,0.221354167,643,8_48,NP48_25,False
405,8,26,4340.0,0.73780488,-1.0,-1.0,0,8_405,NP48_26,False
444,8,27,4320.0,0.49186992,-1.0,-1.0,563,8_444,NP48_27,False
492,8,28,4260.0,1.90853659,-1.0,-1.0,353,8_492,NP48_28,False
411,8,29,3980.0,0.31504065,-1.0,-1.0,145,8_411,NP48_29,False
0,8,30,3840.0,0.75813008,-1.0,-1.0,445,8_0,NP48_30,False
1,8,31,3840.0,0.47764228,0.31753786,0.104166667,420,8_1,NP48_31,False
441,8,32,2520.0,2.5,-1.0,-1.0,163,8_441,NP48_32,False
493,8,33,1960.0,1.22764228,-1.0,-1.0,60,8_493,NP48_33,False
370,8,34,1760.0,0.56707317,-1.0,-1.0,116,8_370,NP48_34,False
433,8,35,1660.0,2.36178862,-1.0,-1.0,487,8_433,NP48_35,False
130,8,36,1400.0,2.19308943,-1.0,-1.0,197,8_130,NP48_36,False
67,8,37,720.0,1.08739837,1.831949194,0.104166667,550,8_67,NP48_37,False
355,8,38,560.0,3.5995935,-1.0,-1.0,430,8_355,NP48_38,False
34,8,39,420.0,1.39634146,1.734245237,0.123697917,628,8_34,NP48_39,False
399,8,40,100.0,1.12195122,-1.0,-1.0,127,8_399,NP48_40,False
400,8,41,100.0,2.63414634,-1.0,-1.0,313,8_400,NP48_41,False
442,8,42,20.0,0.31504065,-1.0,-1.0,436,8_442,NP48_42,True
443,8,43,20.0,1.01829268,-1.0,-1.0,681,8_443,NP48_43,False
148,9,0,5620.0,3.8248337,-1.0,-1.0,175,9_148,NP49_0,False
131,9,1,5500.0,2.12652439,-1.0,-1.0,41,9_131,NP49_1,False
644,9,2,5320.0,4.80806541,-1.0,-1.0,535,9_644,NP49_2,False
637,9,3,5260.0,1.90618071,-1.0,-1.0,553,9_637,NP49_3,False
703,9,4,5240.0,1.48628049,-1.0,-1.0,196,9_703,NP49_4,False
665,9,5,5220.0,1.51122506,-1.0,-1.0,608,9_665,NP49_5,False
654,9,6,5140.0,4.67710643,-1.0,-1.0,27,9_654,NP49_6,False
112,9,7,5040.0,0.61737805,-1.0,-1.0,470,9_112,NP49_7,False
109,9,8,5020.0,3.18666851,-1.0,-1.0,540,9_109,NP49_8,False
699,9,9,5020.0,4.76025499,-1.0,-1.0,332,9_699,NP49_9,False
635,9,10,4960.0,5.44830931,-1.0,-1.0,335,9_635,NP49_10,False
85,9,11,4840.0,3.15133038,-1.0,-1.0,203,9_85,NP49_11,False
97,9,12,4840.0,10.93403548,-1.0,-1.0,249,9_97,NP49_12,True
90,9,13,4800.0,2.56929047,0.757205667,0.149739583,4,9_90,NP49_13,False
78,9,14,4720.0,0.55917406,1.63654128,0.279947917,82,9_78,NP49_14,False
646,9,15,4700.0,2.11405211,-1.0,-1.0,253,9_646,NP49_15,False
650,9,16,4640.0,37.36488359,-1.0,-1.0,432,9_650,NP49_16,False
642,9,17,4540.0,7.58314856,-1.0,-1.0,282,9_642,NP49_17,False
643,9,18,4500.0,4.73946785,-1.0,-1.0,263,9_643,NP49_18,False
66,9,19,4480.0,7.83883038,2.564728872,0.110677083,254,9_66,NP49_19,False
47,9,20,4380.0,2.15978381,1.148021495,0.130208333,632,9_47,NP49_20,True
666,9,21,4340.0,1.17863082,-1.0,-1.0,67,9_666,NP49_21,False
42,9,22,4320.0,4.1075388,3.541768442,0.01953125,621,9_42,NP49_22,False
652,9,23,4260.0,1.60060976,-1.0,-1.0,176,9_652,NP49_23,False
680,9,24,4240.0,9.90091463,-1.0,-1.0,103,9_680,NP49_24,False
39,9,25,4220.0,27.09187916,0.464093796,0.104166667,35,9_39,NP49_25,False
35,9,26,4200.0,7.65382483,2.027357108,0.17578125,361,9_35,NP49_26,False
695,9,27,4200.0,0.54670177,-1.0,-1.0,460,9_695,NP49_27,False
34,9,28,4180.0,0.95828714,1.734245237,0.123697917,628,9_34,NP49_28,False
681,9,29,4120.0,4.98891353,-1.0,-1.0,44,9_681,NP49_29,False
17,9,30,4040.0,5.63747228,0.31753786,0.299479167,142,9_17,NP49_30,False
24,9,31,4040.0,15.80861973,3.834880313,0.1171875,412,9_24,NP49_31,False
694,9,32,4020.0,2.68569845,-1.0,-1.0,416,9_694,NP49_32,False
13,9,33,3980.0,0.56748891,1.001465559,0.305989583,558,9_13,NP49_33,False
700,9,34,3920.0,33.43195676,-1.0,-1.0,295,9_700,NP49_34,False
2,9,35,3860.0,1.31998337,0.464093796,0.33203125,506,9_2,NP49_35,False
653,9,36,3840.0,11.52023282,-1.0,-1.0,492,9_653,NP49_36,False
408,9,37,3820.0,5.07621951,-1.0,-1.0,601,9_408,NP49_37,False
413,9,38,3820.0,5.70191242,-1.0,-1.0,672,9_413,NP49_38,False
406,9,39,3740.0,0.74210089,-1.0,-1.0,205,9_406,NP49_39,False
678,9,40,3720.0,6.99902993,-1.0,-1.0,355,9_678,NP49_40,False
698,9,41,3700.0,4.02023282,-1.0,-1.0,397,9_698,NP49_41,False
397,9,42,3680.0,1.03104213,-1.0,-1.0,333,9_397,NP49_42,False
645,9,43,3680.0,2.09326497,-1.0,-1.0,664,9_645,NP49_43,False
394,9,44,3600.0,7.30875831,-1.0,-1.0,46,9_394,NP49_44,False
704,9,45,3600.0,8.66407982,-1.0,-1.0,251,9_704,NP49_45,False
387,9,46,3540.0,3.58162417,-1.0,-1.0,297,9_387,NP49_46,False
677,9,47,3420.0,2.62541574,-1.0,-1.0,618,9_677,NP49_47,False
371,9,48,3340.0,0.90631929,-1.0,-1.0,26,9_371,NP49_48,False
367,9,49,3280.0,0.72339246,-1.0,-1.0,275,9_367,NP49_49,False
363,9,50,3260.0,3.04947339,-1.0,-1.0,223,9_363,NP49_50,False
696,9,51,3240.0,1.59853104,-1.0,-1.0,557,9_696,NP49_51,False
285,9,52,3140.0,5.23004435,-1.0,-1.0,591,9_285,NP49_52,False
271,9,53,3100.0,0.8481153,-1.0,-1.0,458,9_271,NP49_53,False
265,9,54,3080.0,1.40105322,-1.0,-1.0,131,9_265,NP49_54,False
237,9,55,3000.0,1.13705654,-1.0,-1.0,393,9_237,NP49_55,False
217,9,56,2980.0,6.0261918,-1.0,-1.0,64,9_217,NP49_56,False
664,9,57,2820.0,1.58398004,-1.0,-1.0,214,9_664,NP49_57,False
691,9,58,2820.0,2.26787694,-1.0,-1.0,600,9_691,NP49_58,False
181,9,59,2800.0,1.90825942,-1.0,-1.0,329,9_181,NP49_59,False
176,9,60,2720.0,4.77272727,-1.0,-1.0,219,9_176,NP49_60,False
697,9,61,2620.0,1.0559867,-1.0,-1.0,53,9_697,NP49_61,False
648,9,62,2600.0,1.78769401,-1.0,-1.0,191,9_648,NP49_62,False
558,9,63,2180.0,4.34035477,-1.0,-1.0,656,9_558,NP49_63,False
160,9,64,1940.0,4.04101996,-1.0,-1.0,564,9_160,NP49_64,False
150,9,65,1800.0,5.07206208,-1.0,-1.0,404,9_150,NP49_65,False
140,9,66,1700.0,0.58619734,-1.0,-1.0,545,9_140,NP49_66,False
141,9,67,1700.0,1.13705654,-1.0,-1.0,93,9_141,NP49_67,False
577,9,68,1700.0,0.55293792,-1.0,-1.0,72,9_577,NP49_68,False
685,9,69,940.0,6.87014967,-1.0,-1.0,306,9_685,NP49_69,False
675,9,70,900.0,1.01649113,-1.0,-1.0,136,9_675,NP49_70,False
673,9,71,640.0,0.92710643,-1.0,-1.0,74,9_673,NP49_71,False
550,9,72,340.0,0.50304878,-1.0,-1.0,359,9_550,NP49_72,False
561,9,73,340.0,0.81277716,-1.0,-1.0,659,9_561,NP49_73,False
683,9,74,300.0,7.44803215,-1.0,-1.0,457,9_683,NP49_74,False
657,9,75,220.0,2.66906874,-1.0,-1.0,474,9_657,NP49_75,True
14,9,76,180.0,2.70440687,2.173913043,0.0390625,94,9_14,NP49_76,False
693,9,77,20.0,6.52924058,-1.0,-1.0,55,9_693,NP49_77,False
